time,post_user,title
,新京报,卷帘门隔开的“菜小”与“名校”
,中央纪委国家监委网站,从独轮车到高铁，出行方式见证生活变迁 | 我与改革开放的故事
,钱江晚报,救我！10岁男孩遭搭讪跟踪，差点被强行带走！还好路过女子……
,新华网,哈哈哈哈哈，这份开学清单有点不一样！
,扬子晚报,【紫牛新闻】城市地窖生活10年，邻居才知脚下有个“密室”
,中国日报双语新闻,砍人被反杀！昆山事件背后细节被挖出，被砍轿车司机涉黑？
,新华网,多地要停用这张卡！快看看你手上有没有
,中国日报双语新闻,词汇量38000的英语大神带你逆袭，背完1本单词书仅用5天，快来！
,新浪新闻,接到理发店四万块的账单后，我火了……
,华商报,西安一女校长以建校为名集资诈骗5亿多，涉及群众达8809名
,华商报,“学校只接受某公司的保险”陕西有学校让保险公司在校内设点售学平险【8月31日周五  新闻速览一分钟】
,中央纪委国家监委网站,治理扶贫领域腐败和作风问题，习近平总书记这样说
,扬子晚报,1岁小宝溺水90秒，母亲就站在旁边看手机！大宝3次提醒被忽视
,扬子晚报,“我就是容不下她！”后妈虐杀8岁继女，网友怒了：简直不是人！
,钱江晚报,痛心！1岁女儿溺水脑死亡，妈妈在旁边看手机！儿子3次提醒还被甩开手
,新华网,这些药别再给你家孩子吃了！看哭很多人......
,新华网,静夜思｜热爱，是最好的天赋
,钱江晚报,杭州小伙理发，收到近4万元账单！今天他的照片被全国网友玩坏了
,华商报,【弟弟不是惹事的人，迫不得已才动的手】“砍人被反杀案”白衣男子哥哥接受采访
,新京报,北大中戏北电三校开学，“学霸”、“颜神”报到
time,post_user,title
,,1岁小宝溺水90秒，母亲就站在旁边看手机!大宝3次提醒被忽视
title,time,post_user
"1岁小宝溺水90秒，母亲就站在旁边看手机!大宝3次提醒被忽视,治理扶贫领域腐败和作风问题，习近平总书记这样说,痛心!1岁女儿溺水脑死亡，妈妈在旁边看手机!儿子3次提醒还被甩开手,“学校只接受某公司的保险”陕西有学校让保险公司在校内设点售学平险[8月31日周五 新闻速览一分钟],接到理发店四万块的账单后，我火了……,哈哈哈哈哈，这份开学清单有点不一样!,词汇量38000的英语大神带你逆袭，背完1本单词书仅用5天，快来!,卷帘门隔开的“菜小”与“名校”,从独轮车到高铁，出行方式见证生活变迁|我与改革开放的故事,多地要停用这张卡!快看看你手上有没有,救我!10岁男孩遭搭讪跟踪，差点被强行带走!还好路过女子……,砍人被反杀!昆山事件背后细节被挖出，被砍轿车司机涉黑?,[紫牛新闻]城市地窖生活10年，邻居才知脚下有个“密室”,北大中戏北电三校开学，“学霸”、“颜神”报到,静夜思|热爱，是最好的天赋,杭州小伙理发，收到近4万元账单!今天他的照片被全国网友玩坏了,[弟弟不是惹事的人，迫不得已才动的手]“砍人被反杀案”白衣男子哥哥接受采访,这些药别再给你家孩子吃了!看哭很多人..,西安一女校长以建校为名集资诈骗5亿多，涉及群众达8809名,“我就是容不下她!”后妈虐杀8岁继女，网友怒了：简直不是人!",,
post_user,title,time
,1岁小宝溺水90秒，母亲就站在旁边看手机!大宝3次提醒被忽视,
,治理扶贫领域腐败和作风问题，习近平总书记这样说,
,痛心!1岁女儿溺水脑死亡，妈妈在旁边看手机!儿子3次提醒还被甩开手,
,“学校只接受某公司的保险”陕西有学校让保险公司在校内设点售学平险[8月31日周五 新闻速览一分钟],
,接到理发店四万块的账单后，我火了……,
,哈哈哈哈哈，这份开学清单有点不一样!,
,词汇量38000的英语大神带你逆袭，背完1本单词书仅用5天，快来!,
,卷帘门隔开的“菜小”与“名校”,
,从独轮车到高铁，出行方式见证生活变迁|我与改革开放的故事,
,多地要停用这张卡!快看看你手上有没有,
,救我!10岁男孩遭搭讪跟踪，差点被强行带走!还好路过女子……,
,砍人被反杀!昆山事件背后细节被挖出，被砍轿车司机涉黑?,
,[紫牛新闻]城市地窖生活10年，邻居才知脚下有个“密室”,
,北大中戏北电三校开学，“学霸”、“颜神”报到,
,静夜思|热爱，是最好的天赋,
,杭州小伙理发，收到近4万元账单!今天他的照片被全国网友玩坏了,
,[弟弟不是惹事的人，迫不得已才动的手]“砍人被反杀案”白衣男子哥哥接受采访,
,这些药别再给你家孩子吃了!看哭很多人..,
,西安一女校长以建校为名集资诈骗5亿多，涉及群众达8809名,
,“我就是容不下她!”后妈虐杀8岁继女，网友怒了：简直不是人!,
